[
    {
        "title": "El nombre del viento",
        "author": "Patrick Rothfuss",
        "Genre": "Fantasía",
        "Year": 2007,
        "cover": "1.jpg"
    }
,
    {
        "title": "El temor de un hombre sabio",
        "author": "Patrick Rothfuss",
        "Genre": "Fantasía",
        "Year": 2011,
        "cover": "2.jpg"
    }
,
    {
        "title": "La música del silencio",
        "author": "Patrick Rothfuss",
        "Genre": "Fantasía",
        "Year": 2014,
        "cover": "3.jpg"
    }
,
    {
        "title": "Minas de Fandaling",
        "author": "Aarón Velasco",
        "Genre": "Fantasía",
        "Year": 2024,
        "cover": "4.png"
    }
,
    {
        "title": "La cueva Bocapeñasco ",
        "author": "Aarón Velasco",
        "Genre": "Fantasía",
        "Year": 2025,
        "cover": "5.jpg"
    }
,
    {
        "title": "Player's Hanbook ",
        "author": "Gray Gygax",
        "Genre": "Fantasía, Manual",
        "Year": 2024,
        "cover": "6.jpg"
    }
]